<menu>
  <menuitem type="Internal-Dock-Prefs"></menuitem>
  <menuitem type="Internal-Customize-Icon"></menuitem>
  <menuitem type="Internal-Remove-Customized-Icon"></menuitem>
  <menuitem type="Internal-Add-To-Launcher-List"></menuitem>
  <menuitem type="Internal-Remove-From-Launcher-List"></menuitem> 
  <menuitem type="Internal-Separator"></menuitem>
  <submenu text="Processes" icon="process-stop">
    <menuitem type="External-Command" cmd="xterm -e 'pmap -d $AWN_TASK_PID; read' &amp;">pmap</menuitem>
    <menuitem type="External-Command" cmd="xterm -e 'xprop -id $AWN_TASK_LEADER_XID; read' &amp;">xprop</menuitem>
    <menuitem type="External-Command" cmd="xterm -e 'gdb program $AWN_TASK_PID' &amp;">Debug Process</menuitem>
    <menuitem type="External-Command" cmd="xterm -e 'xrestop -b | grep -A 15 $AWN_TASK_PID' &amp;">Xrestop Process</menuitem>    
    <menuitem type="External-Command" cmd="kill -9 $AWN_TASK_PID &amp;" icon="force-exit">Force Quit</menuitem>
  </submenu>
  <submenu text="Debug">
    <menuitem type="External-Command" cmd="xterm -e 'pmap -d $AWN_TASK_DEBUG_TASKMAN_PID; read' &amp;">pmap Taskman</menuitem>
    <menuitem type="External-Command" cmd="xterm -e 'gdb program $AWN_TASK_DEBUG_TASKMAN_PID' &amp;">Debug Taskman</menuitem>
    <menuitem type="External-Command" cmd="xterm -e 'xrestop -b | grep -A 15 $AWN_TASK_DEBUG_TASKMAN_PID' &amp;">Xrestop Taskman</menuitem>        
    <menuitem type="External-Command" cmd="kill $AWN_TASK_DEBUG_TASKMAN_PID &amp;" icon="exit">Exit Taskman</menuitem>
  </submenu>
  <menuitem type="Internal-Separator"></menuitem>
  <menuitem type="Internal-Inline-Plugins"></menuitem>
  <menuitem type="External-Command" icon="gksu-debian" cmd="gksudo $AWN_TASK_EXEC &amp;">Launch as root</menuitem>
  <menuitem type="Internal-Launch"></menuitem>
  <menuitem type="Internal-Separator"></menuitem>
  <menuitem type="Internal-Smart-Wnck-Menu"></menuitem>
</menu>

